pl_name,hostname,disposition,pl_orbper,pl_rade,st_teff,ra,dec
K2-1 b,K2-1,CONFIRMED,0.6189251,2.53,3970,172.558647,-0.129481
K2-2 b,K2-2,CONFIRMED,9.144857,2.59,5269,244.550513,5.700545
K2-3 b,K2-3,CONFIRMED,10.054335,2.25,3896,172.334820,-1.085917
K2-3 c,K2-3,CONFIRMED,24.6453,1.45,3896,172.334820,-1.085917