kepid,kepoi_name,kepler_name,koi_disposition,koi_pdisposition,koi_score,koi_fpflag_nt,koi_fpflag_ss,koi_fpflag_co,koi_fpflag_ec,koi_period,koi_period_err1,koi_period_err2,koi_time0bk,koi_time0bk_err1,koi_time0bk_err2,koi_impact,koi_impact_err1,koi_impact_err2,koi_duration,koi_duration_err1,koi_duration_err2,koi_depth,koi_depth_err1,koi_depth_err2,koi_prad,koi_prad_err1,koi_prad_err2,koi_teq,koi_teq_err1,koi_teq_err2,koi_insol,koi_insol_err1,koi_insol_err2,koi_model_snr,koi_tce_plnt_num,koi_tce_delivname,koi_steff,koi_steff_err1,koi_steff_err2,koi_slogg,koi_slogg_err1,koi_slogg_err2,koi_srad,koi_srad_err1,koi_srad_err2,ra,dec,koi_kepmag
10797460,K00752.01,Kepler-227 b,CONFIRMED,CANDIDATE,1.0000,0,0,0,0,9.488035570,2.7750000e-05,-2.7750000e-05,170.5387500,2.160000e-03,-2.160000e-03,0.1460,0.3180,-0.1460,2.95750,0.08190,-0.08190,6.1580e+02,1.950e+01,-1.950e+01,2.26,2.600e-01,-1.500e-01,793.0,,,93.59,29.45,-16.65,35.80,1,q1_q17_dr25_tce,5455.00,81.00,-81.00,4.467,0.064,-0.096,0.9270,0.1050,-0.0610,291.934230,48.141651,15.347
10797460,K00752.02,Kepler-227 c,CONFIRMED,CANDIDATE,0.9690,0,0,0,0,54.418382700,2.4790000e-04,-2.4790000e-04,162.5138400,3.520000e-03,-3.520000e-03,0.5860,0.0590,-0.4430,4.50700,0.11600,-0.11600,8.7480e+02,3.550e+01,-3.550e+01,2.83,3.200e-01,-1.900e-01,443.0,,,9.11,2.87,-1.62,25.80,2,q1_q17_dr25_tce,5455.00,81.00,-81.00,4.467,0.064,-0.096,0.9270,0.1050,-0.0610,291.934230,48.141651,15.347
10854555,K00755.01,Kepler-664 b,CONFIRMED,CANDIDATE,1.0000,0,0,0,0,2.525591777,3.7610000e-06,-3.7610000e-06,171.5955500,1.130000e-03,-1.130000e-03,0.7010,0.2350,-0.4780,1.65450,0.04200,-0.04200,6.0330e+02,1.690e+01,-1.690e+01,2.75,8.800e-01,-3.500e-01,1406.0,,,926.16,874.33,-314.24,40.90,1,q1_q17_dr25_tce,6031.00,169.00,-211.00,4.438,0.070,-0.210,1.0460,0.3340,-0.1330,288.754880,48.226200,15.509
6721123,K00114.01,,FALSE POSITIVE,FALSE POSITIVE,0.0000,0,1,1,0,7.361789580,2.1280000e-05,-2.1280000e-05,132.2505300,2.530000e-03,-2.530000e-03,1.1690,7.1330,-0.0440,5.02200,0.13600,-0.13600,2.3370e+02,5.800e+00,-5.800e+00,39.21,6.450e+00,-9.670e+00,1342.0,,,767.22,349.28,-365.49,47.70,1,q1_q17_dr25_tce,6227.00,111.00,-124.00,3.986,0.182,-0.098,1.9580,0.3220,-0.4830,298.864350,42.151569,12.660